{"CmdCtrLv": 5, "Cmt": "Factory – Barren - Organic Mortar Applicators", "Diam": 5820.0, "L": [{"D": 2, "Lv": 0, "S": 4}, {"D": 7, "Lv": 0, "S": 3}, {"D": 8, "Lv": 0, "S": 3}, {"D": 5, "Lv": 0, "S": 3}, {"D": 1, "Lv": 0, "S": 6}, {"D": 4, "Lv": 0, "S": 3}, {"D": 9, "Lv": 0, "S": 3}, {"D": 6, "Lv": 0, "S": 3}], "P": [{"H": 0, "La": 1.11558, "Lo": 1.47633, "S": 2870, "T": 2475}, {"H": 0, "La": 1.11543, "Lo": 1.52996, "S": 2870, "T": 2475}, {"H": 0, "La": 1.11575, "Lo": 1.50315, "S": null, "T": 2544}, {"H": 0, "La": 1.11531, "Lo": 1.51656, "S": 2870, "T": 2475}, {"H": 0, "La": 1.12612, "Lo": 1.51002, "S": 2870, "T": 2475}, {"H": 0, "La": 1.1154, "Lo": 1.48973, "S": 2870, "T": 2475}, {"H": 0, "La": 1.10474, "Lo": 1.49596, "S": 2870, "T": 2475}, {"H": 0, "La": 1.12619, "Lo": 1.49657, "S": 2870, "T": 2475}, {"H": 0, "La": 1.10469, "Lo": 1.50975, "S": 2870, "T": 2475}], "Pln": 2016, "R": [{"P": [9, 3], "Q": 1, "T": 2870}, {"P": [7, 3], "Q": 1, "T": 2870}, {"P": [6, 3], "Q": 1, "T": 2870}, {"P": [1, 6, 3], "Q": 1, "T": 2870}, {"P": [8, 3], "Q": 1, "T": 2870}, {"P": [5, 3], "Q": 1, "T": 2870}, {"P": [4, 3], "Q": 1, "T": 2870}, {"P": [2, 4, 3], "Q": 1, "T": 2870}, {"P": [3, 4], "Q": 6, "T": 2344}, {"P": [3, 4, 2], "Q": 6, "T": 2344}, {"P": [3, 9], "Q": 6, "T": 2344}, {"P": [3, 7], "Q": 6, "T": 2344}, {"P": [3, 6], "Q": 6, "T": 2344}, {"P": [3, 6, 1], "Q": 6, "T": 2344}, {"P": [3, 5], "Q": 6, "T": 2344}, {"P": [3, 8], "Q": 6, "T": 2344}, {"P": [3, 4], "Q": 6, "T": 9848}, {"P": [3, 4, 2], "Q": 6, "T": 9848}, {"P": [3, 9], "Q": 6, "T": 9848}, {"P": [3, 7], "Q": 6, "T": 9848}, {"P": [3, 6], "Q": 6, "T": 9848}, {"P": [3, 6, 1], "Q": 6, "T": 9848}, {"P": [3, 8], "Q": 6, "T": 9848}, {"P": [3, 5], "Q": 6, "T": 9848}, {"P": [3, 4], "Q": 40, "T": 2393}, {"P": [3, 4, 2], "Q": 40, "T": 2393}, {"P": [3, 9], "Q": 40, "T": 2393}, {"P": [3, 7], "Q": 40, "T": 2393}, {"P": [3, 6], "Q": 40, "T": 2393}, {"P": [3, 6, 1], "Q": 40, "T": 2393}, {"P": [3, 8], "Q": 40, "T": 2393}, {"P": [3, 5], "Q": 40, "T": 2393}]}
