{"CmdCtrLv": 5, "Cmt": "Miner - Storm - Reactive Metals", "Diam": 11860.0, "L": [{"D": 3, "Lv": 0, "S": 1}, {"D": 3, "Lv": 0, "S": 2}, {"D": 7, "Lv": 0, "S": 6}, {"D": 8, "Lv": 0, "S": 4}, {"D": 6, "Lv": 0, "S": 5}, {"D": 5, "Lv": 0, "S": 3}, {"D": 7, "Lv": 0, "S": 4}], "P": [{"H": 8, "La": 1.61515, "Lo": 2.91194, "S": 2267, "T": 3067}, {"H": 8, "La": 1.62729, "Lo": 2.91102, "S": 2267, "T": 3067}, {"H": 0, "La": 1.62227, "Lo": 2.92213, "S": null, "T": 2561}, {"H": 0, "La": 1.6102, "Lo": 2.92304, "S": 2398, "T": 2483}, {"H": 0, "La": 1.63435, "Lo": 2.92119, "S": 2398, "T": 2483}, {"H": 0, "La": 1.62953, "Lo": 2.93225, "S": 2398, "T": 2483}, {"H": 0, "La": 1.61726, "Lo": 2.93317, "S": 2398, "T": 2483}, {"H": 0, "La": 1.60289, "Lo": 2.91243, "S": null, "T": 2557}], "Pln": 2017, "R": [{"P": [2, 3], "Q": 138336, "T": 2267}, {"P": [4, 8], "Q": 20, "T": 2398}, {"P": [7, 4, 8], "Q": 20, "T": 2398}, {"P": [6, 7, 4, 8], "Q": 20, "T": 2398}, {"P": [5, 6, 7, 4, 8], "Q": 20, "T": 2398}, {"P": [3, 5], "Q": 3000, "T": 2267}, {"P": [3, 5, 6], "Q": 3000, "T": 2267}, {"P": [3, 5, 6, 7], "Q": 3000, "T": 2267}, {"P": [3, 5, 6, 7, 4], "Q": 3000, "T": 2267}, {"P": [3, 5], "Q": 3000, "T": 2267}, {"P": [3, 5, 6], "Q": 3000, "T": 2267}, {"P": [3, 5, 6, 7], "Q": 3000, "T": 2267}, {"P": [3, 5, 6, 7, 4], "Q": 3000, "T": 2267}, {"P": [1, 3], "Q": 140832, "T": 2267}]}
